{
  "criteria": {
    "requirement": {
      "trigger": "minecraft:item_used_on_block",
      "conditions": {
        "player": [],
        "location": [
          {
            "condition": "minecraft:all_of",
            "terms": [
              {
                "condition": "minecraft:match_tool",
                "predicate": {
                  "items": "minecraft:ender_eye",
                  "predicates": {
                    "minecraft:custom_data": "{hsj_eye:1b,hsj_archaic:1b}"
                  }
                }
              },
              {
                "condition": "minecraft:block_state_property",
                "block": "minecraft:end_portal_frame",
                "properties": {
                  "eye": "true"
                }
              }
            ]
          }
        ]
      }
    }
  },
  "rewards": {
    "function": "hsj:eyes/archaic/setup"
  }
}
