{
  "type": "minecraft:crafting_shaped",
  "pattern": ["PPP", "S S"],
  "key": {
    "P": "minecraft:crimson_planks",
    "S": "minecraft:stick"
  },
  "result": {
    "id": "minecraft:player_head",
    "components": {
      "minecraft:custom_model_data": {
        "strings": ["pk_racks:crimson_rack"]
      },
      "minecraft:lore": [
        "{\"color\":\"dark_gray\",\"italic\":false,\"text\":\"Crimson Rack\"}"
      ],
      "minecraft:item_name": "{\"color\":\"yellow\",\"italic\":false,\"text\":\"Crimson Rack\"}",
      "minecraft:custom_data": {
        "pk_data": {
          "custom_block": 1,
          "id": "rack",
          "from": "racks",
          "variant": "crimson",
          "version": 30001
        }
      },
      "minecraft:profile": {
        "properties": [
          {
            "name": "textures",
            "value": "eyJ0ZXh0dXJlcyI6eyJTS0lOIjp7InVybCI6Imh0dHA6Ly90ZXh0dXJlcy5taW5lY3JhZnQubmV0L3RleHR1cmUvOTM5ZmQxYzM3YmZhN2UxNzU3NTk1YmYxZDk1YmE0MTgyZDVlOWM1OTY4NjFhYzY2YThlOWQzYWZjMWRiZGRmZiJ9fX0="
          }
        ]
      }
    }
  }
}
