{
  "values": {
    "minecraft:dirt_path": {
      "speed": 1.35
    },
    "mcwpaths:oak_planks_path": {
      "speed": 1.35
    },
    "mcwpaths:spruce_planks_path": {
      "speed": 1.35
    },
    "mcwpaths:birch_planks_path": {
      "speed": 1.35
    },
    "mcwpaths:jungle_planks_path": {
      "speed": 1.35
    },
    "mcwpaths:acacia_planks_path": {
      "speed": 1.35
    },
    "mcwpaths:dark_oak_planks_path": {
      "speed": 1.35
    },
    "mcwpaths:crimson_planks_path": {
      "speed": 1.35
    },
    "mcwpaths:warped_planks_path": {
      "speed": 1.35
    },
    "mcwpaths:mangrove_planks_path": {
      "speed": 1.35
    },
    "mcwpaths:cherry_planks_path": {
      "speed": 1.35
    },
    "mcwpaths:bamboo_planks_path": {
      "speed": 1.35
    },
    "mcwpaths:andesite_running_bond_path": {
      "speed": 1.35
    },
    "mcwpaths:diorite_running_bond_path": {
      "speed": 1.35
    },
    "mcwpaths:granite_running_bond_path": {
      "speed": 1.35
    },
    "mcwpaths:sandstone_running_bond_path": {
      "speed": 1.35
    },
    "mcwpaths:red_sandstone_running_bond_path": {
      "speed": 1.35
    },
    "mcwpaths:brick_running_bond_path": {
      "speed": 1.35
    },
    "mcwpaths:stone_running_bond_path": {
      "speed": 1.35
    },
    "mcwpaths:mossy_stone_running_bond_path": {
      "speed": 1.35
    },
    "mcwpaths:cobbled_deepslate_running_bond_path": {
      "speed": 1.35
    },
    "mcwpaths:deepslate_running_bond_path": {
      "speed": 1.35
    },
    "mcwpaths:mud_brick_running_bond_path": {
      "speed": 1.35
    },
    "mcwpaths:blackstone_running_bond_path": {
      "speed": 1.35
    },
    "mcwpaths:dark_prismarine_running_bond_path": {
      "speed": 1.35
    },
    "mcwpaths:andesite_strewn_rocky_path": {
      "speed": 1.35
    },
    "mcwpaths:diorite_strewn_rocky_path": {
      "speed": 1.35
    },
    "mcwpaths:granite_strewn_rocky_path": {
      "speed": 1.35
    },
    "mcwpaths:sandstone_strewn_rocky_path": {
      "speed": 1.35
    },
    "mcwpaths:red_sandstone_strewn_rocky_path": {
      "speed": 1.35
    },
    "mcwpaths:brick_strewn_rocky_path": {
      "speed": 1.35
    },
    "mcwpaths:stone_strewn_rocky_path": {
      "speed": 1.35
    },
    "mcwpaths:mossy_stone_strewn_rocky_path": {
      "speed": 1.35
    },
    "mcwpaths:cobbled_deepslate_strewn_rocky_path": {
      "speed": 1.35
    },
    "mcwpaths:deepslate_strewn_rocky_path": {
      "speed": 1.35
    },
    "mcwpaths:mud_brick_strewn_rocky_path": {
      "speed": 1.35
    },
    "mcwpaths:blackstone_strewn_rocky_path": {
      "speed": 1.35
    },
    "mcwpaths:dark_prismarine_strewn_rocky_path": {
      "speed": 1.35
    },
    "mcwpaths:andesite_windmill_weave_path": {
      "speed": 1.35
    },
    "mcwpaths:diorite_windmill_weave_path": {
      "speed": 1.35
    },
    "mcwpaths:granite_windmill_weave_path": {
      "speed": 1.35
    },
    "mcwpaths:sandstone_windmill_weave_path": {
      "speed": 1.35
    },
    "mcwpaths:red_sandstone_windmill_weave_path": {
      "speed": 1.35
    },
    "mcwpaths:brick_windmill_weave_path": {
      "speed": 1.35
    },
    "mcwpaths:stone_windmill_weave_path": {
      "speed": 1.35
    },
    "mcwpaths:mossy_stone_windmill_weave_path": {
      "speed": 1.35
    },
    "mcwpaths:cobbled_deepslate_windmill_weave_path": {
      "speed": 1.35
    },
    "mcwpaths:deepslate_windmill_weave_path": {
      "speed": 1.35
    },
    "mcwpaths:mud_brick_windmill_weave_path": {
      "speed": 1.35
    },
    "mcwpaths:blackstone_windmill_weave_path": {
      "speed": 1.35
    },
    "mcwpaths:dark_prismarine_windmill_weave_path": {
      "speed": 1.35
    },
    "mcwpaths:andesite_flagstone_path": {
      "speed": 1.35
    },
    "mcwpaths:diorite_flagstone_path": {
      "speed": 1.35
    },
    "mcwpaths:granite_flagstone_path": {
      "speed": 1.35
    },
    "mcwpaths:sandstone_flagstone_path": {
      "speed": 1.35
    },
    "mcwpaths:red_sandstone_flagstone_path": {
      "speed": 1.35
    },
    "mcwpaths:brick_flagstone_path": {
      "speed": 1.35
    },
    "mcwpaths:stone_flagstone_path": {
      "speed": 1.35
    },
    "mcwpaths:mossy_stone_flagstone_path": {
      "speed": 1.35
    },
    "mcwpaths:cobbled_deepslate_flagstone_path": {
      "speed": 1.35
    },
    "mcwpaths:deepslate_flagstone_path": {
      "speed": 1.35
    },
    "mcwpaths:mud_brick_flagstone_path": {
      "speed": 1.35
    },
    "mcwpaths:blackstone_flagstone_path": {
      "speed": 1.35
    },
    "mcwpaths:dark_prismarine_flagstone_path": {
      "speed": 1.35
    },
    "mcwpaths:andesite_crystal_floor_path": {
      "speed": 1.35
    },
    "mcwpaths:diorite_crystal_floor_path": {
      "speed": 1.35
    },
    "mcwpaths:granite_crystal_floor_path": {
      "speed": 1.35
    },
    "mcwpaths:sandstone_crystal_floor_path": {
      "speed": 1.35
    },
    "mcwpaths:red_sandstone_crystal_floor_path": {
      "speed": 1.35
    },
    "mcwpaths:brick_crystal_floor_path": {
      "speed": 1.35
    },
    "mcwpaths:stone_crystal_floor_path": {
      "speed": 1.35
    },
    "mcwpaths:mossy_stone_crystal_floor_path": {
      "speed": 1.35
    },
    "mcwpaths:cobbled_deepslate_crystal_floor_path": {
      "speed": 1.35
    },
    "mcwpaths:deepslate_crystal_floor_path": {
      "speed": 1.35
    },
    "mcwpaths:mud_brick_crystal_floor_path": {
      "speed": 1.35
    },
    "mcwpaths:blackstone_crystal_floor_path": {
      "speed": 1.35
    },
    "mcwpaths:dark_prismarine_crystal_floor_path": {
      "speed": 1.35
    },
    "mcwpaths:andesite_diamond_paving": {
      "speed": 1.35
    },
    "mcwpaths:diorite_diamond_paving": {
      "speed": 1.35
    },
    "mcwpaths:granite_diamond_paving": {
      "speed": 1.35
    },
    "mcwpaths:sandstone_diamond_paving": {
      "speed": 1.35
    },
    "mcwpaths:red_sandstone_diamond_paving": {
      "speed": 1.35
    },
    "mcwpaths:brick_diamond_paving": {
      "speed": 1.35
    },
    "mcwpaths:cobblestone_diamond_paving": {
      "speed": 1.35
    },
    "mcwpaths:mossy_cobblestone_diamond_paving": {
      "speed": 1.35
    },
    "mcwpaths:cobbled_deepslate_diamond_paving": {
      "speed": 1.35
    },
    "mcwpaths:deepslate_diamond_paving": {
      "speed": 1.35
    },
    "mcwpaths:mud_brick_diamond_paving": {
      "speed": 1.35
    },
    "mcwpaths:blackstone_diamond_paving": {
      "speed": 1.35
    },
    "mcwpaths:dark_prismarine_diamond_paving": {
      "speed": 1.35
    },
    "mcwpaths:andesite_basket_weave_paving": {
      "speed": 1.35
    },
    "mcwpaths:diorite_basket_weave_paving": {
      "speed": 1.35
    },
    "mcwpaths:granite_basket_weave_paving": {
      "speed": 1.35
    },
    "mcwpaths:sandstone_basket_weave_paving": {
      "speed": 1.35
    },
    "mcwpaths:red_sandstone_basket_weave_paving": {
      "speed": 1.35
    },
    "mcwpaths:brick_basket_weave_paving": {
      "speed": 1.35
    },
    "mcwpaths:cobblestone_basket_weave_paving": {
      "speed": 1.35
    },
    "mcwpaths:mossy_cobblestone_basket_weave_paving": {
      "speed": 1.35
    },
    "mcwpaths:cobbled_deepslate_basket_weave_paving": {
      "speed": 1.35
    },
    "mcwpaths:deepslate_basket_weave_paving": {
      "speed": 1.35
    },
    "mcwpaths:mud_brick_basket_weave_paving": {
      "speed": 1.35
    },
    "mcwpaths:blackstone_basket_weave_paving": {
      "speed": 1.35
    },
    "mcwpaths:dark_prismarine_basket_weave_paving": {
      "speed": 1.35
    },
    "mcwpaths:andesite_square_paving": {
      "speed": 1.35
    },
    "mcwpaths:diorite_square_paving": {
      "speed": 1.35
    },
    "mcwpaths:granite_square_paving": {
      "speed": 1.35
    },
    "mcwpaths:sandstone_square_paving": {
      "speed": 1.35
    },
    "mcwpaths:red_sandstone_square_paving": {
      "speed": 1.35
    },
    "mcwpaths:brick_square_paving": {
      "speed": 1.35
    },
    "mcwpaths:cobblestone_square_paving": {
      "speed": 1.35
    },
    "mcwpaths:mossy_cobblestone_square_paving": {
      "speed": 1.35
    },
    "mcwpaths:cobbled_deepslate_square_paving": {
      "speed": 1.35
    },
    "mcwpaths:deepslate_square_paving": {
      "speed": 1.35
    },
    "mcwpaths:mud_brick_square_paving": {
      "speed": 1.35
    },
    "mcwpaths:blackstone_square_paving": {
      "speed": 1.35
    },
    "mcwpaths:dark_prismarine_square_paving": {
      "speed": 1.35
    },
    "mcwpaths:andesite_honeycomb_paving": {
      "speed": 1.35
    },
    "mcwpaths:diorite_honeycomb_paving": {
      "speed": 1.35
    },
    "mcwpaths:granite_honeycomb_paving": {
      "speed": 1.35
    },
    "mcwpaths:sandstone_honeycomb_paving": {
      "speed": 1.35
    },
    "mcwpaths:red_sandstone_honeycomb_paving": {
      "speed": 1.35
    },
    "mcwpaths:brick_honeycomb_paving": {
      "speed": 1.35
    },
    "mcwpaths:cobblestone_honeycomb_paving": {
      "speed": 1.35
    },
    "mcwpaths:mossy_cobblestone_honeycomb_paving": {
      "speed": 1.35
    },
    "mcwpaths:cobbled_deepslate_honeycomb_paving": {
      "speed": 1.35
    },
    "mcwpaths:deepslate_honeycomb_paving": {
      "speed": 1.35
    },
    "mcwpaths:mud_brick_honeycomb_paving": {
      "speed": 1.35
    },
    "mcwpaths:blackstone_honeycomb_paving": {
      "speed": 1.35
    },
    "mcwpaths:dark_prismarine_honeycomb_paving": {
      "speed": 1.35
    },
    "mcwpaths:andesite_clover_paving": {
      "speed": 1.35
    },
    "mcwpaths:diorite_clover_paving": {
      "speed": 1.35
    },
    "mcwpaths:granite_clover_paving": {
      "speed": 1.35
    },
    "mcwpaths:sandstone_clover_paving": {
      "speed": 1.35
    },
    "mcwpaths:red_sandstone_clover_paving": {
      "speed": 1.35
    },
    "mcwpaths:brick_clover_paving": {
      "speed": 1.35
    },
    "mcwpaths:cobblestone_clover_paving": {
      "speed": 1.35
    },
    "mcwpaths:mossy_cobblestone_clover_paving": {
      "speed": 1.35
    },
    "mcwpaths:cobbled_deepslate_clover_paving": {
      "speed": 1.35
    },
    "mcwpaths:deepslate_clover_paving": {
      "speed": 1.35
    },
    "mcwpaths:mud_brick_clover_paving": {
      "speed": 1.35
    },
    "mcwpaths:blackstone_clover_paving": {
      "speed": 1.35
    },
    "mcwpaths:dark_prismarine_clover_paving": {
      "speed": 1.35
    },
    "mcwpaths:andesite_dumble_paving": {
      "speed": 1.35
    },
    "mcwpaths:diorite_dumble_paving": {
      "speed": 1.35
    },
    "mcwpaths:granite_dumble_paving": {
      "speed": 1.35
    },
    "mcwpaths:sandstone_dumble_paving": {
      "speed": 1.35
    },
    "mcwpaths:red_sandstone_dumble_paving": {
      "speed": 1.35
    },
    "mcwpaths:brick_dumble_paving": {
      "speed": 1.35
    },
    "mcwpaths:cobblestone_dumble_paving": {
      "speed": 1.35
    },
    "mcwpaths:mossy_cobblestone_dumble_paving": {
      "speed": 1.35
    },
    "mcwpaths:cobbled_deepslate_dumble_paving": {
      "speed": 1.35
    },
    "mcwpaths:deepslate_dumble_paving": {
      "speed": 1.35
    },
    "mcwpaths:mud_brick_dumble_paving": {
      "speed": 1.35
    },
    "mcwpaths:blackstone_dumble_paving": {
      "speed": 1.35
    },
    "mcwpaths:dark_prismarine_dumble_paving": {
      "speed": 1.35
    },
    "mcwpaths:podzol_path_block": {
      "speed": 1.35
    },
    "mcwpaths:dirt_path_block": {
      "speed": 1.35
    },
    "mcwpaths:gravel_path_block": {
      "speed": 1.35
    },
    "mcwpaths:sand_path_block": {
      "speed": 1.35
    },
    "mcwpaths:red_sand_path_block": {
      "speed": 1.35
    }
  }
}