{
	"model": {
	  "type": "select",
	  "property": "custom_model_data",
	  "fallback": {
		"type": "model",
		"model": "item/barrier"
	  },
	  "cases": [
		{"when": "hsj:amber_eye", "model": {"type": "model", "model": "item/amber_eye_block"}},
		{"when": "hsj:eldritch_eye", "model": {"type": "model", "model": "item/eldritch_eye_block"}},
		{"when": "hsj:aquatic_eye", "model": {"type": "model", "model": "item/aquatic_eye_block"}},
		{"when": "hsj:ominous_eye", "model": {"type": "model", "model": "item/ominous_eye_block"}},
		{"when": "hsj:archaic_eye", "model": {"type": "model", "model": "item/archaic_eye_block"}},
		{"when": "hsj:beastmasters_eye", "model": {"type": "model", "model": "item/beastmasters_eye_block"}},
		{"when": "hsj:opulent_eye", "model": {"type": "model", "model": "item/opulent_eye_block"}},
		{"when": "hsj:golden_eye", "model": {"type": "model", "model": "item/golden_eye_block"}},
		{"when": "hsj:entombed_eye", "model": {"type": "model", "model": "item/entombed_eye_block"}},
		{"when": "hsj:curious_eye", "model": {"type": "model", "model": "item/curious_eye_block"}},
		{"when": "hsj:bound_eye", "model": {"type": "model", "model": "item/bound_eye_block"}},
		{"when": "hsj:withered_eye", "model": {"type": "model", "model": "item/withered_eye_block"}},
		{"when": "hsj:elder_eye", "model": {"type": "model", "model": "item/elder_eye_block"}},
		{"when": "hsj:spellbound_eye", "model": {"type": "model", "model": "item/spellbound_eye_block"}},
		{"when": "hsj:queens_eye", "model": {"type": "model", "model": "item/queens_eye_block"}},
		{"when": "hsj:forged_eye", "model": {"type": "model", "model": "item/forged_eye_block"}}
	  ]
	}
  }