{
  "model": {
    "type": "select",
    "property": "custom_model_data",
    "fallback": {
      "type": "model",
      "model": "item/ender_eye"
    },
    "cases": [
      {"when": "hsj:amber_eye", "model": {"type": "model", "model": "item/amber_eye"}},
      {"when": "hsj:eldritch_eye", "model": {"type": "model", "model": "item/eldritch_eye"}},
      {"when": "hsj:aquatic_eye", "model": {"type": "model", "model": "item/aquatic_eye"}},
      {"when": "hsj:ominous_eye", "model": {"type": "model", "model": "item/ominous_eye"}},
      {"when": "hsj:archaic_eye", "model": {"type": "model", "model": "item/archaic_eye"}},
      {"when": "hsj:beastmasters_eye", "model": {"type": "model", "model": "item/beastmasters_eye"}},
      {"when": "hsj:opulent_eye", "model": {"type": "model", "model": "item/opulent_eye"}},
      {"when": "hsj:golden_eye", "model": {"type": "model", "model": "item/golden_eye"}},
      {"when": "hsj:entombed_eye", "model": {"type": "model", "model": "item/entombed_eye"}},
      {"when": "hsj:curious_eye", "model": {"type": "model", "model": "item/curious_eye"}},
      {"when": "hsj:bound_eye", "model": {"type": "model", "model": "item/bound_eye"}},
      {"when": "hsj:withered_eye", "model": {"type": "model", "model": "item/withered_eye"}},
      {"when": "hsj:elder_eye", "model": {"type": "model", "model": "item/elder_eye"}},
      {"when": "hsj:spellbound_eye", "model": {"type": "model", "model": "item/spellbound_eye"}},
      {"when": "hsj:queens_eye", "model": {"type": "model", "model": "item/queens_eye"}},
      {"when": "hsj:forged_eye", "model": {"type": "model", "model": "item/forged_eye"}}
    ]
  }
}