{
  "display": {
    "icon": {
      "id": "minecraft:ender_eye",
      "components": {
        "minecraft:custom_model_data": {"strings":["hsj:entombed_eye"]}
      }
    },
    "title": "The Entombed Eye",
    "description": "Find the Entombed Eye in a desert tomb",
    "show_toast": true,
    "announce_to_chat": true,
    "hidden": false
  },
  "parent": "hsj:visible/root",
  "criteria": {
    "requirement": {
      "trigger": "minecraft:inventory_changed",
      "conditions": {
        "items": [
          {
            "items": "minecraft:ender_eye",
            "components": {
              "minecraft:custom_data": "{hsj_eye:1b,hsj_entombed:1b}"
            }
          }
        ]
      }
    }
  }
}