{
  "pools": [
    {
      "rolls": 1,
      "entries": [
        {
          "type": "minecraft:item",
          "name": "minecraft:ender_eye",
          "weight": 100,
          "functions": [
            {
              "function": "minecraft:set_components",
              "components": {
                "minecraft:rarity": "epic",
                "minecraft:custom_data": "{hsj_eye:1b,hsj_archaic:1b}",
                "minecraft:custom_name": "[\"\",{\"text\":\"Archaic Eye\",\"italic\":false}]",
                "minecraft:custom_model_data": {"strings":["hsj:archaic_eye"]}
              }
            }
          ]
        }
      ]
    }
  ]
}
